{
  "selected_features": [
    "High",
    "Close_lag_1",
    "Close_lag_2",
    "Close_lag_17",
    "Close_lag_18",
    "Close_lag_20",
    "Close_sma_3"
  ],
  "ranking": [
    1,
    21,
    5,
    26,
    14,
    8,
    20,
    24,
    9,
    23,
    1,
    1,
    16,
    13,
    19,
    3,
    11,
    18,
    4,
    7,
    6,
    28,
    2,
    22,
    15,
    10,
    1,
    1,
    12,
    1,
    29,
    1,
    17,
    25,
    27
  ],
  "support": [
    true,
    false,
    false,
    false,
    false,
    false,
    false,
    false,
    false,
    false,
    true,
    true,
    false,
    false,
    false,
    false,
    false,
    false,
    false,
    false,
    false,
    false,
    false,
    false,
    false,
    false,
    true,
    true,
    false,
    true,
    false,
    true,
    false,
    false,
    false
  ],
  "validation_scores": [
    -0.1620643416839248,
    -0.16178513532331595,
    -0.13536275007988097,
    -0.13539913090949748,
    -0.24236701848747827,
    -0.2314737550580872,
    -0.23350560799416353,
    -0.23597327966776271,
    -0.2209865604527537,
    -0.2240019102994535,
    -0.23387916857820537,
    -0.2349597343827397,
    -0.23368429287493175,
    -0.22435879418618448,
    -0.22478967032652433,
    -0.22372354951316242,
    -0.2237235325820383,
    -0.22377032139013633,
    -0.2237545447650987,
    -0.22389075870000452,
    -0.2239538737653894,
    -0.22395387114073617,
    -0.22395388051048304,
    -0.2239538656393999,
    -0.22395370962113953,
    -0.22391366133284574,
    -0.22391289796890548,
    -0.22391283415070556,
    -0.2239124899218667,
    -0.22390791732889292,
    -0.22390748867326346
  ],
  "estimator_name": "Lasso",
  "n_splits": 2,
  "step": 1,
  "min_features_to_select": 5,
  "scoring": "neg_mean_absolute_percentage_error",
  "gap": 1,
  "dropped_features": [
    "Low",
    "Open"
  ]
}