{
  "selected_features": [
    "High",
    "treasury_yield_10y",
    "dollar_index",
    "yield_spread_10y_2y",
    "Close_lag_13",
    "Close_lag_15",
    "Close_lag_16",
    "Close_lag_17"
  ],
  "ranking": [
    1,
    6,
    1,
    17,
    2,
    1,
    5,
    9,
    1,
    8,
    28,
    24,
    15,
    11,
    10,
    4,
    27,
    26,
    25,
    21,
    23,
    22,
    1,
    13,
    1,
    1,
    1,
    18,
    20,
    19,
    14,
    12,
    3,
    7,
    16
  ],
  "support": [
    true,
    false,
    true,
    false,
    false,
    true,
    false,
    false,
    true,
    false,
    false,
    false,
    false,
    false,
    false,
    false,
    false,
    false,
    false,
    false,
    false,
    false,
    true,
    false,
    true,
    true,
    true,
    false,
    false,
    false,
    false,
    false,
    false,
    false,
    false
  ],
  "validation_scores": [
    -0.3133883912492271,
    -0.31469097091966575,
    -0.3146423335255354,
    -0.3131876877547891,
    -0.3179939157599715,
    -0.32067282488209303,
    -0.32069140843869753,
    -0.3220692872748948,
    -0.32201355840708906,
    -0.32201357450307133,
    -0.32215909936929454,
    -0.32205773657620274,
    -0.32205811158163467,
    -0.3220581214357636,
    -0.32205812156319247,
    -0.32205812156319247,
    -0.3220581215631924,
    -0.3220581215631924,
    -0.3220581215631924,
    -0.3220581215631924,
    -0.3220581215631924,
    -0.3220581215631924,
    -0.3220581215631924,
    -0.3220581215631924,
    -0.3220581215631924,
    -0.321965058901043,
    -0.32196447172242604,
    -0.3219552228751692,
    -0.3219555051738969,
    -0.3219555051738969,
    -0.3219479407423626
  ],
  "estimator_name": "Lasso",
  "n_splits": 2,
  "step": 1,
  "min_features_to_select": 5,
  "scoring": "neg_mean_absolute_percentage_error",
  "gap": 1,
  "dropped_features": [
    "Low",
    "Open"
  ]
}