{
  "strategy": "grid",
  "param_grid": {
    "estimator__n_estimators": [
      100,
      200,
      300
    ],
    "estimator__learning_rate": [
      0.05,
      0.1
    ],
    "estimator__max_depth": [
      2,
      3
    ]
  },
  "best_params": {
    "estimator__learning_rate": 0.05,
    "estimator__max_depth": 2,
    "estimator__n_estimators": 100
  },
  "best_score": -0.3807390633478094,
  "n_splits": 3,
  "gap": 1,
  "scoring": "neg_mean_absolute_percentage_error",
  "refit": true,
  "cv_results": {
    "mean_fit_time": [
      0.1866464614868164,
      0.3477918306986491,
      0.5086236794789633,
      0.25258461634318036,
      0.4776964982350667,
      0.7204027970631918,
      0.19637624422709146,
      0.3616003195444743,
      0.5218191941579183,
      0.2512805461883545,
      0.48125147819519043,
      0.7319077650705973
    ],
    "std_fit_time": [
      0.05914273156007613,
      0.11603665024742967,
      0.1797389958362725,
      0.08864329369091567,
      0.17939495412068793,
      0.28395441220704404,
      0.06926994722200205,
      0.11806171045504502,
      0.19051817022924622,
      0.09080778420459316,
      0.1771949965517073,
      0.30303559445988265
    ],
    "mean_score_time": [
      0.016168991724650066,
      0.01586596171061198,
      0.015653451283772785,
      0.015856266021728516,
      0.015153010686238607,
      0.01812911033630371,
      0.015810251235961914,
      0.01647075017293294,
      0.016212940216064453,
      0.015422900517781576,
      0.015198469161987305,
      0.0160214106241862
    ],
    "std_score_time": [
      0.0008693706596391604,
      0.00025713399236034623,
      0.0003849412656220925,
      0.00035909120207882077,
      0.0005707856085673288,
      0.0015368735064106409,
      0.0013557181891997586,
      0.0002955211084594692,
      0.0002736150726091106,
      0.00014896975035231445,
      0.0003812200504045988,
      0.00035031888964344286
    ],
    "param_estimator__learning_rate": [
      0.05,
      0.05,
      0.05,
      0.05,
      0.05,
      0.05,
      0.1,
      0.1,
      0.1,
      0.1,
      0.1,
      0.1
    ],
    "param_estimator__max_depth": [
      2,
      2,
      2,
      3,
      3,
      3,
      2,
      2,
      2,
      3,
      3,
      3
    ],
    "param_estimator__n_estimators": [
      100,
      200,
      300,
      100,
      200,
      300,
      100,
      200,
      300,
      100,
      200,
      300
    ],
    "params": [
      {
        "estimator__learning_rate": 0.05,
        "estimator__max_depth": 2,
        "estimator__n_estimators": 100
      },
      {
        "estimator__learning_rate": 0.05,
        "estimator__max_depth": 2,
        "estimator__n_estimators": 200
      },
      {
        "estimator__learning_rate": 0.05,
        "estimator__max_depth": 2,
        "estimator__n_estimators": 300
      },
      {
        "estimator__learning_rate": 0.05,
        "estimator__max_depth": 3,
        "estimator__n_estimators": 100
      },
      {
        "estimator__learning_rate": 0.05,
        "estimator__max_depth": 3,
        "estimator__n_estimators": 200
      },
      {
        "estimator__learning_rate": 0.05,
        "estimator__max_depth": 3,
        "estimator__n_estimators": 300
      },
      {
        "estimator__learning_rate": 0.1,
        "estimator__max_depth": 2,
        "estimator__n_estimators": 100
      },
      {
        "estimator__learning_rate": 0.1,
        "estimator__max_depth": 2,
        "estimator__n_estimators": 200
      },
      {
        "estimator__learning_rate": 0.1,
        "estimator__max_depth": 2,
        "estimator__n_estimators": 300
      },
      {
        "estimator__learning_rate": 0.1,
        "estimator__max_depth": 3,
        "estimator__n_estimators": 100
      },
      {
        "estimator__learning_rate": 0.1,
        "estimator__max_depth": 3,
        "estimator__n_estimators": 200
      },
      {
        "estimator__learning_rate": 0.1,
        "estimator__max_depth": 3,
        "estimator__n_estimators": 300
      }
    ],
    "split0_test_score": [
      -0.17020774218854995,
      -0.17068911286348248,
      -0.16995722966343213,
      -0.17328084828379625,
      -0.17559327062415508,
      -0.17573717981887726,
      -0.17225334509269727,
      -0.17236025056584783,
      -0.17254774501838085,
      -0.17630833076038566,
      -0.17791665817366042,
      -0.17741047319595987
    ],
    "split1_test_score": [
      -0.7044959684337477,
      -0.7024497888539915,
      -0.7005535435436127,
      -0.7054163772863253,
      -0.7000299556980343,
      -0.6978239450594865,
      -0.7020331188062333,
      -0.70024842872139,
      -0.6967492582900247,
      -0.6996453358365895,
      -0.6955302575429715,
      -0.6938275179892076
    ],
    "split2_test_score": [
      -0.2675134794211304,
      -0.2715805249306883,
      -0.27488146330087715,
      -0.2677027075693293,
      -0.27325239884311286,
      -0.2753130706881113,
      -0.27174013947731834,
      -0.275710035451903,
      -0.27784037886050994,
      -0.2727783644175319,
      -0.27625962655140807,
      -0.2770737784693353
    ],
    "mean_test_score": [
      -0.3807390633478094,
      -0.38157314221605415,
      -0.3817974121693073,
      -0.38213331104648357,
      -0.3829585417217674,
      -0.3829580651888251,
      -0.382008867792083,
      -0.382772904913047,
      -0.3823791273896385,
      -0.38291067700483566,
      -0.38323551408934664,
      -0.3827705898848343
    ],
    "std_test_score": [
      0.23235174745446177,
      0.23060230705037693,
      0.22942882290249458,
      0.23182296056230736,
      0.22772064392116292,
      0.226324591741809,
      0.22990729507362728,
      0.2284196805181708,
      0.22641123218176498,
      0.2274016269765945,
      0.22444574689504318,
      0.22368207050156472
    ],
    "rank_test_score": [
      1,
      2,
      3,
      5,
      11,
      10,
      4,
      8,
      6,
      9,
      12,
      7
    ]
  }
}