{
  "strategy": "grid",
  "param_grid": {
    "estimator__n_estimators": [
      100,
      200,
      300
    ],
    "estimator__learning_rate": [
      0.05,
      0.1
    ],
    "estimator__max_depth": [
      2,
      3
    ]
  },
  "best_params": {
    "estimator__learning_rate": 0.05,
    "estimator__max_depth": 2,
    "estimator__n_estimators": 100
  },
  "best_score": -0.3807390633478094,
  "n_splits": 3,
  "gap": 1,
  "scoring": "neg_mean_absolute_percentage_error",
  "refit": true,
  "cv_results": {
    "mean_fit_time": [
      0.19957375526428223,
      0.3638187249501546,
      0.5415620803833008,
      0.2657533486684163,
      0.49106375376383465,
      0.7585187753041586,
      0.1933000087738037,
      0.3581053415934245,
      0.5249183177947998,
      0.25670361518859863,
      0.5078833103179932,
      0.7262233098347982
    ],
    "std_fit_time": [
      0.07019860913235655,
      0.1294704521597224,
      0.18827537434076622,
      0.08693973266655211,
      0.17319084206483407,
      0.3114156275147995,
      0.06388866252805853,
      0.13097062569450846,
      0.17806736258428707,
      0.08913998937861276,
      0.18387835646065287,
      0.2737534507903262
    ],
    "mean_score_time": [
      0.018568992614746094,
      0.016675551732381184,
      0.016783793767293293,
      0.019109487533569336,
      0.017087539037068684,
      0.019962072372436523,
      0.01568881670633952,
      0.015979766845703125,
      0.016481717427571613,
      0.015485684076944986,
      0.015926043192545574,
      0.01703675587972005
    ],
    "std_score_time": [
      0.003256146635593218,
      0.0003064138124051275,
      6.702074000077816e-05,
      0.003641743252766405,
      0.00039837646321317846,
      0.004367671168821757,
      0.00014362977587533017,
      0.00017371963658065873,
      0.00042103331996439864,
      0.00025654262569167416,
      0.0006033153551559835,
      0.0007508543211779549
    ],
    "param_estimator__learning_rate": [
      0.05,
      0.05,
      0.05,
      0.05,
      0.05,
      0.05,
      0.1,
      0.1,
      0.1,
      0.1,
      0.1,
      0.1
    ],
    "param_estimator__max_depth": [
      2,
      2,
      2,
      3,
      3,
      3,
      2,
      2,
      2,
      3,
      3,
      3
    ],
    "param_estimator__n_estimators": [
      100,
      200,
      300,
      100,
      200,
      300,
      100,
      200,
      300,
      100,
      200,
      300
    ],
    "params": [
      {
        "estimator__learning_rate": 0.05,
        "estimator__max_depth": 2,
        "estimator__n_estimators": 100
      },
      {
        "estimator__learning_rate": 0.05,
        "estimator__max_depth": 2,
        "estimator__n_estimators": 200
      },
      {
        "estimator__learning_rate": 0.05,
        "estimator__max_depth": 2,
        "estimator__n_estimators": 300
      },
      {
        "estimator__learning_rate": 0.05,
        "estimator__max_depth": 3,
        "estimator__n_estimators": 100
      },
      {
        "estimator__learning_rate": 0.05,
        "estimator__max_depth": 3,
        "estimator__n_estimators": 200
      },
      {
        "estimator__learning_rate": 0.05,
        "estimator__max_depth": 3,
        "estimator__n_estimators": 300
      },
      {
        "estimator__learning_rate": 0.1,
        "estimator__max_depth": 2,
        "estimator__n_estimators": 100
      },
      {
        "estimator__learning_rate": 0.1,
        "estimator__max_depth": 2,
        "estimator__n_estimators": 200
      },
      {
        "estimator__learning_rate": 0.1,
        "estimator__max_depth": 2,
        "estimator__n_estimators": 300
      },
      {
        "estimator__learning_rate": 0.1,
        "estimator__max_depth": 3,
        "estimator__n_estimators": 100
      },
      {
        "estimator__learning_rate": 0.1,
        "estimator__max_depth": 3,
        "estimator__n_estimators": 200
      },
      {
        "estimator__learning_rate": 0.1,
        "estimator__max_depth": 3,
        "estimator__n_estimators": 300
      }
    ],
    "split0_test_score": [
      -0.17020774218854995,
      -0.17068911286348248,
      -0.16995722966343213,
      -0.17328084828379625,
      -0.17559327062415508,
      -0.17573717981887726,
      -0.17225334509269727,
      -0.17236025056584783,
      -0.17254774501838085,
      -0.17630833076038566,
      -0.17791665817366042,
      -0.17741047319595987
    ],
    "split1_test_score": [
      -0.7044959684337477,
      -0.7024497888539915,
      -0.7005535435436127,
      -0.7054163772863253,
      -0.7000299556980343,
      -0.6978239450594865,
      -0.7020331188062333,
      -0.70024842872139,
      -0.6967492582900247,
      -0.6996453358365895,
      -0.6955302575429715,
      -0.6938275179892076
    ],
    "split2_test_score": [
      -0.2675134794211304,
      -0.2715805249306883,
      -0.27488146330087715,
      -0.2677027075693293,
      -0.27325239884311286,
      -0.2753130706881113,
      -0.27174013947731834,
      -0.275710035451903,
      -0.27784037886050994,
      -0.2727783644175319,
      -0.27625962655140807,
      -0.2770737784693353
    ],
    "mean_test_score": [
      -0.3807390633478094,
      -0.38157314221605415,
      -0.3817974121693073,
      -0.38213331104648357,
      -0.3829585417217674,
      -0.3829580651888251,
      -0.382008867792083,
      -0.382772904913047,
      -0.3823791273896385,
      -0.38291067700483566,
      -0.38323551408934664,
      -0.3827705898848343
    ],
    "std_test_score": [
      0.23235174745446177,
      0.23060230705037693,
      0.22942882290249458,
      0.23182296056230736,
      0.22772064392116292,
      0.226324591741809,
      0.22990729507362728,
      0.2284196805181708,
      0.22641123218176498,
      0.2274016269765945,
      0.22444574689504318,
      0.22368207050156472
    ],
    "rank_test_score": [
      1,
      2,
      3,
      5,
      11,
      10,
      4,
      8,
      6,
      9,
      12,
      7
    ]
  }
}