{
  "strategy": "grid",
  "param_grid": {
    "estimator__n_estimators": [
      100,
      200,
      300
    ],
    "estimator__learning_rate": [
      0.05,
      0.1
    ],
    "estimator__max_depth": [
      2,
      3
    ]
  },
  "best_params": {
    "estimator__learning_rate": 0.05,
    "estimator__max_depth": 2,
    "estimator__n_estimators": 100
  },
  "best_score": -0.3807390633478094,
  "n_splits": 3,
  "gap": 1,
  "scoring": "neg_mean_absolute_percentage_error",
  "refit": true,
  "cv_results": {
    "mean_fit_time": [
      0.19258769353230795,
      0.36164625485738117,
      0.5337846279144287,
      0.25727208455403644,
      0.5085155963897705,
      0.7592829068501791,
      0.20573051770528158,
      0.36150336265563965,
      0.553955078125,
      0.27914953231811523,
      0.4997744560241699,
      0.7396501700083414
    ],
    "std_fit_time": [
      0.0631358372415697,
      0.12653922624419156,
      0.1834325884500471,
      0.09135067475780216,
      0.18361473297642786,
      0.27619038445413174,
      0.07088209649552443,
      0.11967985984380458,
      0.20616411414878472,
      0.108628260889081,
      0.18123915084974573,
      0.2679430571804907
    ],
    "mean_score_time": [
      0.015656232833862305,
      0.01767110824584961,
      0.016057332356770832,
      0.015473286310831705,
      0.018402735392252605,
      0.017012834548950195,
      0.016999085744222004,
      0.016771713892618816,
      0.01819761594136556,
      0.017125686009724934,
      0.01723345120747884,
      0.04690138498942057
    ],
    "std_score_time": [
      0.0005255392693010989,
      0.0009657526476631949,
      0.00043085249073263136,
      0.0004726692409692013,
      0.0005375825738106075,
      0.000770801206805436,
      0.0008274629580006569,
      0.00021293865545917253,
      0.0006452145749364343,
      0.0007722353936022772,
      0.0007829772213723108,
      0.04337165599522569
    ],
    "param_estimator__learning_rate": [
      0.05,
      0.05,
      0.05,
      0.05,
      0.05,
      0.05,
      0.1,
      0.1,
      0.1,
      0.1,
      0.1,
      0.1
    ],
    "param_estimator__max_depth": [
      2,
      2,
      2,
      3,
      3,
      3,
      2,
      2,
      2,
      3,
      3,
      3
    ],
    "param_estimator__n_estimators": [
      100,
      200,
      300,
      100,
      200,
      300,
      100,
      200,
      300,
      100,
      200,
      300
    ],
    "params": [
      {
        "estimator__learning_rate": 0.05,
        "estimator__max_depth": 2,
        "estimator__n_estimators": 100
      },
      {
        "estimator__learning_rate": 0.05,
        "estimator__max_depth": 2,
        "estimator__n_estimators": 200
      },
      {
        "estimator__learning_rate": 0.05,
        "estimator__max_depth": 2,
        "estimator__n_estimators": 300
      },
      {
        "estimator__learning_rate": 0.05,
        "estimator__max_depth": 3,
        "estimator__n_estimators": 100
      },
      {
        "estimator__learning_rate": 0.05,
        "estimator__max_depth": 3,
        "estimator__n_estimators": 200
      },
      {
        "estimator__learning_rate": 0.05,
        "estimator__max_depth": 3,
        "estimator__n_estimators": 300
      },
      {
        "estimator__learning_rate": 0.1,
        "estimator__max_depth": 2,
        "estimator__n_estimators": 100
      },
      {
        "estimator__learning_rate": 0.1,
        "estimator__max_depth": 2,
        "estimator__n_estimators": 200
      },
      {
        "estimator__learning_rate": 0.1,
        "estimator__max_depth": 2,
        "estimator__n_estimators": 300
      },
      {
        "estimator__learning_rate": 0.1,
        "estimator__max_depth": 3,
        "estimator__n_estimators": 100
      },
      {
        "estimator__learning_rate": 0.1,
        "estimator__max_depth": 3,
        "estimator__n_estimators": 200
      },
      {
        "estimator__learning_rate": 0.1,
        "estimator__max_depth": 3,
        "estimator__n_estimators": 300
      }
    ],
    "split0_test_score": [
      -0.17020774218854995,
      -0.17068911286348248,
      -0.16995722966343213,
      -0.17328084828379625,
      -0.17559327062415508,
      -0.17573717981887726,
      -0.17225334509269727,
      -0.17236025056584783,
      -0.17254774501838085,
      -0.17630833076038566,
      -0.17791665817366042,
      -0.17741047319595987
    ],
    "split1_test_score": [
      -0.7044959684337477,
      -0.7024497888539915,
      -0.7005535435436127,
      -0.7054163772863253,
      -0.7000299556980343,
      -0.6978239450594865,
      -0.7020331188062333,
      -0.70024842872139,
      -0.6967492582900247,
      -0.6996453358365895,
      -0.6955302575429715,
      -0.6938275179892076
    ],
    "split2_test_score": [
      -0.2675134794211304,
      -0.2715805249306883,
      -0.27488146330087715,
      -0.2677027075693293,
      -0.27325239884311286,
      -0.2753130706881113,
      -0.27174013947731834,
      -0.275710035451903,
      -0.27784037886050994,
      -0.2727783644175319,
      -0.27625962655140807,
      -0.2770737784693353
    ],
    "mean_test_score": [
      -0.3807390633478094,
      -0.38157314221605415,
      -0.3817974121693073,
      -0.38213331104648357,
      -0.3829585417217674,
      -0.3829580651888251,
      -0.382008867792083,
      -0.382772904913047,
      -0.3823791273896385,
      -0.38291067700483566,
      -0.38323551408934664,
      -0.3827705898848343
    ],
    "std_test_score": [
      0.23235174745446177,
      0.23060230705037693,
      0.22942882290249458,
      0.23182296056230736,
      0.22772064392116292,
      0.226324591741809,
      0.22990729507362728,
      0.2284196805181708,
      0.22641123218176498,
      0.2274016269765945,
      0.22444574689504318,
      0.22368207050156472
    ],
    "rank_test_score": [
      1,
      2,
      3,
      5,
      11,
      10,
      4,
      8,
      6,
      9,
      12,
      7
    ]
  }
}