{
  "strategy": "grid",
  "param_grid": {
    "estimator__n_estimators": [
      100,
      200,
      300
    ],
    "estimator__learning_rate": [
      0.05,
      0.1
    ],
    "estimator__max_depth": [
      2,
      3
    ]
  },
  "best_params": {
    "estimator__learning_rate": 0.05,
    "estimator__max_depth": 2,
    "estimator__n_estimators": 100
  },
  "best_score": -0.43844623330378596,
  "n_splits": 3,
  "gap": 1,
  "scoring": "neg_mean_absolute_percentage_error",
  "refit": true,
  "cv_results": {
    "mean_fit_time": [
      0.2254010041554769,
      0.3881083329518636,
      0.5926117897033691,
      0.2893044948577881,
      0.5702667236328125,
      0.8220479488372803,
      0.28003279368082684,
      -0.4273375670115153,
      0.5789391994476318,
      0.35495885213216144,
      0.572857936223348,
      0.8123421669006348
    ],
    "std_fit_time": [
      0.06046468924982859,
      0.12873954179059424,
      0.21058446147162443,
      0.10508721891746826,
      0.19722571443159095,
      0.3127443137597696,
      0.150175277351247,
      1.2872809551079945,
      0.2072375397784473,
      0.11589197692364654,
      0.18621196130299827,
      0.2803606938680563
    ],
    "mean_score_time": [
      0.01960444450378418,
      0.01860388120015462,
      0.019924163818359375,
      0.01785437266031901,
      0.020240386327107746,
      0.022820790608723957,
      0.019381999969482422,
      0.019753376642862957,
      0.02185360590616862,
      0.02372892697652181,
      0.019590457280476887,
      0.01898670196533203
    ],
    "std_score_time": [
      0.001816608685481508,
      0.0011288078189118833,
      0.001426078457660926,
      0.00034995333914406105,
      0.001345948503999611,
      0.004475143015967277,
      0.0008030535420097416,
      0.0025175345486558314,
      0.005598848832236455,
      0.004332693006485819,
      0.0023458523754832203,
      0.0006511281090056905
    ],
    "param_estimator__learning_rate": [
      0.05,
      0.05,
      0.05,
      0.05,
      0.05,
      0.05,
      0.1,
      0.1,
      0.1,
      0.1,
      0.1,
      0.1
    ],
    "param_estimator__max_depth": [
      2,
      2,
      2,
      3,
      3,
      3,
      2,
      2,
      2,
      3,
      3,
      3
    ],
    "param_estimator__n_estimators": [
      100,
      200,
      300,
      100,
      200,
      300,
      100,
      200,
      300,
      100,
      200,
      300
    ],
    "params": [
      {
        "estimator__learning_rate": 0.05,
        "estimator__max_depth": 2,
        "estimator__n_estimators": 100
      },
      {
        "estimator__learning_rate": 0.05,
        "estimator__max_depth": 2,
        "estimator__n_estimators": 200
      },
      {
        "estimator__learning_rate": 0.05,
        "estimator__max_depth": 2,
        "estimator__n_estimators": 300
      },
      {
        "estimator__learning_rate": 0.05,
        "estimator__max_depth": 3,
        "estimator__n_estimators": 100
      },
      {
        "estimator__learning_rate": 0.05,
        "estimator__max_depth": 3,
        "estimator__n_estimators": 200
      },
      {
        "estimator__learning_rate": 0.05,
        "estimator__max_depth": 3,
        "estimator__n_estimators": 300
      },
      {
        "estimator__learning_rate": 0.1,
        "estimator__max_depth": 2,
        "estimator__n_estimators": 100
      },
      {
        "estimator__learning_rate": 0.1,
        "estimator__max_depth": 2,
        "estimator__n_estimators": 200
      },
      {
        "estimator__learning_rate": 0.1,
        "estimator__max_depth": 2,
        "estimator__n_estimators": 300
      },
      {
        "estimator__learning_rate": 0.1,
        "estimator__max_depth": 3,
        "estimator__n_estimators": 100
      },
      {
        "estimator__learning_rate": 0.1,
        "estimator__max_depth": 3,
        "estimator__n_estimators": 200
      },
      {
        "estimator__learning_rate": 0.1,
        "estimator__max_depth": 3,
        "estimator__n_estimators": 300
      }
    ],
    "split0_test_score": [
      -0.26054544231456334,
      -0.2606309799455665,
      -0.25699830618095254,
      -0.25472732253533314,
      -0.25315482654355703,
      -0.2504707228693717,
      -0.25393259003265495,
      -0.24643996390559286,
      -0.24927332044290548,
      -0.2534403944335343,
      -0.2587536673022156,
      -0.2538721189820241
    ],
    "split1_test_score": [
      -0.6941133029551627,
      -0.6916275550348626,
      -0.6884368824921212,
      -0.6918665928783818,
      -0.6834425006804383,
      -0.6811173898670582,
      -0.6915161786374946,
      -0.68672448486893,
      -0.6832469303849071,
      -0.6846084742147878,
      -0.6813045442895423,
      -0.6799377313718203
    ],
    "split2_test_score": [
      -0.36067995464163183,
      -0.3752816032225088,
      -0.3802233899793827,
      -0.3853658668286071,
      -0.39188039572051087,
      -0.39283800421999693,
      -0.38484846093603475,
      -0.39480790797442694,
      -0.3935400814386652,
      -0.3867485643050027,
      -0.3918684398163017,
      -0.39186512825153197
    ],
    "mean_test_score": [
      -0.43844623330378596,
      -0.4425133794009793,
      -0.44188619288415215,
      -0.44398659408077396,
      -0.4428259076481687,
      -0.4414753723188089,
      -0.4434324098687281,
      -0.44265745224965,
      -0.44202011075549263,
      -0.4415991443177749,
      -0.4439755504693532,
      -0.4418916595351255
    ],
    "std_test_score": [
      0.1853482632196957,
      0.18226280609925105,
      0.18145070446984832,
      0.18321204048259304,
      0.1793199273509223,
      0.17914302131860743,
      0.18338285735674006,
      0.18290215784309144,
      0.18045499616883887,
      0.18024597610185641,
      0.1763966631319817,
      0.17750111152604892
    ],
    "rank_test_score": [
      1,
      7,
      4,
      12,
      9,
      2,
      10,
      8,
      6,
      3,
      11,
      5
    ]
  }
}