{
  "strategy": "grid",
  "param_grid": {
    "estimator__n_estimators": [
      100,
      200,
      300
    ],
    "estimator__learning_rate": [
      0.05,
      0.1
    ],
    "estimator__max_depth": [
      2,
      3
    ]
  },
  "best_params": {
    "estimator__learning_rate": 0.05,
    "estimator__max_depth": 2,
    "estimator__n_estimators": 100
  },
  "best_score": -0.3807390633478094,
  "n_splits": 3,
  "gap": 1,
  "scoring": "neg_mean_absolute_percentage_error",
  "refit": true,
  "cv_results": {
    "mean_fit_time": [
      0.18883903821309408,
      0.35552159945170086,
      0.5145760377248129,
      0.2519315878550212,
      0.49153772989908856,
      0.7119743824005127,
      0.1919727325439453,
      0.3564635117848714,
      0.520124355951945,
      0.2587761878967285,
      0.4957711696624756,
      0.7551383177439371
    ],
    "std_fit_time": [
      0.06123209932551049,
      0.12163858603416028,
      0.18947535787180503,
      0.09004575487179348,
      0.16075592682534334,
      0.27366572925160687,
      0.060636022696196445,
      0.12099511813904942,
      0.17324475954423818,
      0.08734596610704781,
      0.1853091227764795,
      0.3094048697435
    ],
    "mean_score_time": [
      0.015551884969075521,
      0.016867637634277344,
      0.01601258913675944,
      0.01728685696919759,
      0.01636473337809245,
      0.016831000645955402,
      0.016260385513305664,
      0.017287413279215496,
      0.016716480255126953,
      0.01693304379781087,
      0.01834249496459961,
      0.01777052879333496
    ],
    "std_score_time": [
      0.0006547155448742352,
      0.0007595484595863914,
      0.00029227760310451747,
      0.002784555147062398,
      0.0001328343621150685,
      0.0002416404416157794,
      0.0002938536472333877,
      0.0008893051209877616,
      0.0001407441234704032,
      0.00097054986887208,
      0.0018072576609530517,
      0.0009386045592156356
    ],
    "param_estimator__learning_rate": [
      0.05,
      0.05,
      0.05,
      0.05,
      0.05,
      0.05,
      0.1,
      0.1,
      0.1,
      0.1,
      0.1,
      0.1
    ],
    "param_estimator__max_depth": [
      2,
      2,
      2,
      3,
      3,
      3,
      2,
      2,
      2,
      3,
      3,
      3
    ],
    "param_estimator__n_estimators": [
      100,
      200,
      300,
      100,
      200,
      300,
      100,
      200,
      300,
      100,
      200,
      300
    ],
    "params": [
      {
        "estimator__learning_rate": 0.05,
        "estimator__max_depth": 2,
        "estimator__n_estimators": 100
      },
      {
        "estimator__learning_rate": 0.05,
        "estimator__max_depth": 2,
        "estimator__n_estimators": 200
      },
      {
        "estimator__learning_rate": 0.05,
        "estimator__max_depth": 2,
        "estimator__n_estimators": 300
      },
      {
        "estimator__learning_rate": 0.05,
        "estimator__max_depth": 3,
        "estimator__n_estimators": 100
      },
      {
        "estimator__learning_rate": 0.05,
        "estimator__max_depth": 3,
        "estimator__n_estimators": 200
      },
      {
        "estimator__learning_rate": 0.05,
        "estimator__max_depth": 3,
        "estimator__n_estimators": 300
      },
      {
        "estimator__learning_rate": 0.1,
        "estimator__max_depth": 2,
        "estimator__n_estimators": 100
      },
      {
        "estimator__learning_rate": 0.1,
        "estimator__max_depth": 2,
        "estimator__n_estimators": 200
      },
      {
        "estimator__learning_rate": 0.1,
        "estimator__max_depth": 2,
        "estimator__n_estimators": 300
      },
      {
        "estimator__learning_rate": 0.1,
        "estimator__max_depth": 3,
        "estimator__n_estimators": 100
      },
      {
        "estimator__learning_rate": 0.1,
        "estimator__max_depth": 3,
        "estimator__n_estimators": 200
      },
      {
        "estimator__learning_rate": 0.1,
        "estimator__max_depth": 3,
        "estimator__n_estimators": 300
      }
    ],
    "split0_test_score": [
      -0.17020774218854995,
      -0.17068911286348248,
      -0.16995722966343213,
      -0.17328084828379625,
      -0.17559327062415508,
      -0.17573717981887726,
      -0.17225334509269727,
      -0.17236025056584783,
      -0.17254774501838085,
      -0.17630833076038566,
      -0.17791665817366042,
      -0.17741047319595987
    ],
    "split1_test_score": [
      -0.7044959684337477,
      -0.7024497888539915,
      -0.7005535435436127,
      -0.7054163772863253,
      -0.7000299556980343,
      -0.6978239450594865,
      -0.7020331188062333,
      -0.70024842872139,
      -0.6967492582900247,
      -0.6996453358365895,
      -0.6955302575429715,
      -0.6938275179892076
    ],
    "split2_test_score": [
      -0.2675134794211304,
      -0.2715805249306883,
      -0.27488146330087715,
      -0.2677027075693293,
      -0.27325239884311286,
      -0.2753130706881113,
      -0.27174013947731834,
      -0.275710035451903,
      -0.27784037886050994,
      -0.2727783644175319,
      -0.27625962655140807,
      -0.2770737784693353
    ],
    "mean_test_score": [
      -0.3807390633478094,
      -0.38157314221605415,
      -0.3817974121693073,
      -0.38213331104648357,
      -0.3829585417217674,
      -0.3829580651888251,
      -0.382008867792083,
      -0.382772904913047,
      -0.3823791273896385,
      -0.38291067700483566,
      -0.38323551408934664,
      -0.3827705898848343
    ],
    "std_test_score": [
      0.23235174745446177,
      0.23060230705037693,
      0.22942882290249458,
      0.23182296056230736,
      0.22772064392116292,
      0.226324591741809,
      0.22990729507362728,
      0.2284196805181708,
      0.22641123218176498,
      0.2274016269765945,
      0.22444574689504318,
      0.22368207050156472
    ],
    "rank_test_score": [
      1,
      2,
      3,
      5,
      11,
      10,
      4,
      8,
      6,
      9,
      12,
      7
    ]
  }
}