{
  "strategy": "grid",
  "param_grid": {
    "estimator__n_estimators": [
      100,
      200,
      300
    ],
    "estimator__learning_rate": [
      0.05,
      0.1
    ],
    "estimator__max_depth": [
      2,
      3
    ]
  },
  "best_params": {
    "estimator__learning_rate": 0.05,
    "estimator__max_depth": 3,
    "estimator__n_estimators": 200
  },
  "best_score": -4.3130626527211255,
  "n_splits": 3,
  "gap": 1,
  "scoring": "neg_root_mean_squared_error",
  "refit": true,
  "cv_results": {
    "mean_fit_time": [
      0.0691386063893636,
      0.1382765769958496,
      0.2056732177734375,
      0.08987196286519368,
      0.17753156026204428,
      0.24125822385152182,
      0.06542642911275227,
      0.1258824666341146,
      0.1926591396331787,
      0.09078001976013184,
      0.17760443687438965,
      0.2670427163441976
    ],
    "std_fit_time": [
      0.018158557323270486,
      0.04225866142075257,
      0.053682821636292136,
      0.02978736496329474,
      0.05159870485150449,
      0.0761495881854271,
      0.020602336504177806,
      0.02908813209441068,
      0.05572123104309832,
      0.03059101448188788,
      0.058342270017817374,
      0.08319048334320069
    ],
    "mean_score_time": [
      0.002811590830485026,
      0.0038437843322753906,
      0.003757476806640625,
      0.0031997362772623696,
      0.003449678421020508,
      0.003268718719482422,
      0.002417961756388346,
      0.0027892589569091797,
      0.003408670425415039,
      0.003291527430216471,
      0.003555933634440104,
      0.0035871664683024087
    ],
    "std_score_time": [
      0.0002721555709781759,
      0.00019591596116296835,
      0.00021233455677126852,
      0.0004359671458685329,
      0.0002356329146139102,
      8.897347795744606e-05,
      5.2150063891114805e-05,
      0.00024280479110915442,
      6.872440528603642e-05,
      0.00011053460628328289,
      3.290541101903347e-05,
      0.00010101341238809075
    ],
    "param_estimator__learning_rate": [
      0.05,
      0.05,
      0.05,
      0.05,
      0.05,
      0.05,
      0.1,
      0.1,
      0.1,
      0.1,
      0.1,
      0.1
    ],
    "param_estimator__max_depth": [
      2,
      2,
      2,
      3,
      3,
      3,
      2,
      2,
      2,
      3,
      3,
      3
    ],
    "param_estimator__n_estimators": [
      100,
      200,
      300,
      100,
      200,
      300,
      100,
      200,
      300,
      100,
      200,
      300
    ],
    "params": [
      {
        "estimator__learning_rate": 0.05,
        "estimator__max_depth": 2,
        "estimator__n_estimators": 100
      },
      {
        "estimator__learning_rate": 0.05,
        "estimator__max_depth": 2,
        "estimator__n_estimators": 200
      },
      {
        "estimator__learning_rate": 0.05,
        "estimator__max_depth": 2,
        "estimator__n_estimators": 300
      },
      {
        "estimator__learning_rate": 0.05,
        "estimator__max_depth": 3,
        "estimator__n_estimators": 100
      },
      {
        "estimator__learning_rate": 0.05,
        "estimator__max_depth": 3,
        "estimator__n_estimators": 200
      },
      {
        "estimator__learning_rate": 0.05,
        "estimator__max_depth": 3,
        "estimator__n_estimators": 300
      },
      {
        "estimator__learning_rate": 0.1,
        "estimator__max_depth": 2,
        "estimator__n_estimators": 100
      },
      {
        "estimator__learning_rate": 0.1,
        "estimator__max_depth": 2,
        "estimator__n_estimators": 200
      },
      {
        "estimator__learning_rate": 0.1,
        "estimator__max_depth": 2,
        "estimator__n_estimators": 300
      },
      {
        "estimator__learning_rate": 0.1,
        "estimator__max_depth": 3,
        "estimator__n_estimators": 100
      },
      {
        "estimator__learning_rate": 0.1,
        "estimator__max_depth": 3,
        "estimator__n_estimators": 200
      },
      {
        "estimator__learning_rate": 0.1,
        "estimator__max_depth": 3,
        "estimator__n_estimators": 300
      }
    ],
    "split0_test_score": [
      -1.5474658404303996,
      -1.501758261231101,
      -1.491635548470684,
      -1.5293342058150519,
      -1.4903162328707997,
      -1.486607939287817,
      -1.5014768566871628,
      -1.4868624824580232,
      -1.4828730756116406,
      -1.4881295688977216,
      -1.4814292590525968,
      -1.4810748775939335
    ],
    "split1_test_score": [
      -3.283456587424098,
      -3.193061193945977,
      -3.180044041196104,
      -3.237434048268933,
      -3.180118373843397,
      -3.1736290915185337,
      -3.1949723172053144,
      -3.1773385145390804,
      -3.1715612821551655,
      -3.177900672745782,
      -3.1689621340450245,
      -3.166485846950436
    ],
    "split2_test_score": [
      -8.131362535298654,
      -8.25679780941002,
      -8.325049927943466,
      -8.214921126273248,
      -8.26875335144918,
      -8.294362636087627,
      -8.291194876375465,
      -8.33763872793817,
      -8.354316360456245,
      -8.282548643791456,
      -8.317757769794722,
      -8.32028779636615
    ],
    "mean_test_score": [
      -4.320761654384384,
      -4.317205754862367,
      -4.332243172536751,
      -4.327229793452411,
      -4.3130626527211255,
      -4.318199888964659,
      -4.329214683422648,
      -4.333946574978424,
      -4.336250239407684,
      -4.316192961811653,
      -4.3227163876307815,
      -4.32261617363684
    ],
    "std_test_score": [
      2.786147312883317,
      2.870007615523432,
      2.9062645152719044,
      2.8360781832682775,
      2.8809112559410344,
      2.894697766114776,
      2.885590292668236,
      2.9139423976820717,
      2.92364595206835,
      2.8882306744014374,
      2.907714857059501,
      2.909316796808511
    ],
    "rank_test_score": [
      5,
      3,
      10,
      8,
      1,
      4,
      9,
      11,
      12,
      2,
      7,
      6
    ]
  }
}